protocol,model,n_outputs,accuracy,accuracy_ci95,incorrect_f1,brier_score,invariant_flip_rate,invariant_flip_ci95,responsiveness,invalid_rate,delta_accuracy,delta_accuracy_ci95,delta_paired_valid_ifr,delta_paired_valid_ifr_ci95,evaluation_sha256
p1,deepseek-r1-distill-qwen-7b,10500,0.3457142857142857,"[0.3233333333333333, 0.36733333333333335]",0.4337210972282062,0.21978982857142856,0.07155322862129145,"[0.05361199454793276, 0.08891645988420183]",0.26266666666666666,0.603047619047619,,,,,d404adf7c6e843faf3801c99de131a9234828d3cffbaa2eb6ffb87d9a16a4aac
p1,deepseek-v4-flash,10500,0.9121904761904762,"[0.8992380952380953, 0.9251428571428572]",0.9151114939228635,0.0774547619047619,0.041736978287771405,"[0.03504646736087784, 0.0486322188449848]",0.924,0.007333333333333333,,,,,0f164a9b7746990ffa5545bc12c069dbaa93839f6bb1fa461555612c7db6d19a
p1,doubao-seed-2-1-pro-260628,10500,0.931047619047619,"[0.9167619047619048, 0.9439047619047619]",0.936592967760787,0.04910867619047619,0.016316212800183846,"[0.011705301813174203, 0.02079722703639515]",0.9146666666666666,0.020761904761904763,,,,,06a5b847a6d439fd82e8b00c826500fff2380c3efba176397c40926c7528f666
p1,internlm2.5-7b,10500,0.08552380952380953,"[0.07723809523809524, 0.09409523809523809]",0.14687037949728932,0.2710821809533333,0.15689981096408318,"[0.10835214446952596, 0.20647773279352227]",0.072,0.8589523809523809,,,,,2f5404877b7d500d129db6211e570a30606413d69438c90dadf001c689096317
p1,qwen2.5-1.5b,10500,0.548,"[0.5387619047619048, 0.557047619047619]",0.5165697970837158,0.42730619047619045,0.3214763603925067,"[0.3102987070887205, 0.3324793940744041]",0.4866666666666667,0.001142857142857143,,,,,8f120513d962c19e7d4067c3bbe6ef3285e278debfef5c69e9815b220a66409e
p1,qwen2.5-14b,10500,0.7,"[0.6872380952380952, 0.712952380952381]",0.7629953292150068,0.2737880952380952,0.18303273213092852,"[0.17196885428253614, 0.1942646730640482]",0.952,0.0007619047619047619,,,,,149d55c05f8624b512dc77f989afb2db9f87f93ae00d3528633fe23b9cee148f
p1,qwen2.5-3b,10500,0.6516190476190477,"[0.6381904761904762, 0.6663809523809524]",0.7062494867372917,0.3206811904761905,0.2076440387906446,"[0.19419362212824323, 0.22096866096866097]",0.7893333333333333,0.014571428571428572,,,,,658b1394d7a2a7e61844b8fb9a7be3f186db13cce0ae5610bddbfe031d983917
p1,qwen2.5-7b,10500,0.7321904761904762,"[0.7178095238095238, 0.7468571428571429]",0.7701492537313432,0.23675380952380953,0.15414041404140413,"[0.14406018414551988, 0.16431554000677123]",0.8626666666666667,0.007238095238095238,,,,,f08b6a353e800cf51142677fb9dbc1f42503006165e24ca2ebadf81993b019ad
p2,deepseek-v4-flash,10500,0.9207619047619048,"[0.9066666666666666, 0.9344761904761905]",0.9253788975769862,0.06668357142857143,0.03924007689698066,"[0.03221430993557138, 0.04616252821670429]",0.9293333333333333,0.010380952380952381,0.008571428571428563,"[0.001619047619047631, 0.014857142857142791]",-0.001822115932126181,"[-0.009418974126191554, 0.005660813308687618]",3dc640855fa07b56792f4bbbd329a80ab4b25c6bff29a56b2b2b998bbe5f4915
p2,qwen2.5-14b,10500,0.8884761904761905,"[0.872, 0.9036190476190477]",0.8945233265720082,0.09652595238095238,0.04874495741819812,"[0.04180752760874465, 0.05585464333781965]",0.936,0.004761904761904762,0.18847619047619057,"[0.17504761904761912, 0.2016190476190476]",-0.13530204356613518,"[-0.14938547486033518, -0.12186098654708521]",aeaacf979f120ccee3818472a5264dbb4f6e657b10023432a9f2ca21657b0b9c
p2,qwen2.5-3b,10500,0.7102857142857143,"[0.6926666666666667, 0.7292380952380952]",0.7593174293233721,0.24524333333333334,0.11624335499113998,"[0.10526315789473684, 0.1281113601509968]",0.8533333333333334,0.040095238095238094,0.058666666666666645,"[0.044190476190476224, 0.07304761904761903]",-0.09764309764309763,"[-0.11467560450083793, -0.08127755928971517]",2e56f3784808378aa85255210e1e6124cac23f79bb2fcb67e632f55bff1de052
p3,deepseek-v4-flash,10500,0.9127619047619048,"[0.8994285714285715, 0.926]",0.9153786707882534,0.07533690476190476,0.04967334985357062,"[0.0416199237155037, 0.05813561227932081]",0.912,0.008476190476190476,0.0005714285714285561,"[-0.003809523809523707, 0.00495238095238093]",0.008047149495636403,"[0.00045279601539506553, 0.01491356908823862]",7b85394bbc6ef58d824c88a4d4f959e0cba25cb3c65bba173d6d0be951bb860c
p3,qwen2.5-14b,10500,0.717047619047619,"[0.7038095238095238, 0.7293333333333333]",0.7741689539493748,0.26409809523809524,0.18061281337047352,"[0.16793041926851027, 0.19314119749776587]",0.9493333333333334,0.0015238095238095239,0.01704761904761909,"[0.009809523809523824, 0.02399999999999991]",-0.0034609802389192756,"[-0.015247634947134103, 0.009039169735520575]",4a1667520e3a3537b12457d7c58e37d9681947b7ec1935aa60004d1f187f122e
p3,qwen2.5-3b,10500,0.6389523809523809,"[0.6227619047619047, 0.6553333333333333]",0.6863195057369814,0.31598166666666666,0.2014423076923077,"[0.18828302111919817, 0.21545639430553895]",0.7213333333333334,0.04428571428571428,-0.012666666666666715,"[-0.021809523809523834, -0.003142857142857114]",-0.0054347826086956486,"[-0.018146388990378737, 0.007434491163924445]",d4ceded88c83413d08c3ea730e84ff74fb4d7fd58284f51695f435bba31831f4
p4,deepseek-v4-flash,10500,0.9304761904761905,"[0.914952380952381, 0.945047619047619]",0.9367358820104793,0.05211357142857143,0.02234320063513667,"[0.016542034896895538, 0.028684807256235827]",0.9226666666666666,0.016095238095238096,0.009714285714285675,"[0.0028571428571428914, 0.016476190476190533]",-0.014398354473774428,"[-0.020900321543408356, -0.008475546901844003]",0dfdaa658dfb9a0924a117d08d2b3827150796aa7d976122a049216ecffc1d30
p4,qwen2.5-14b,10500,0.892,"[0.8746666666666667, 0.906952380952381]",0.8978027115474521,0.09272023809523809,0.05071565423193959,"[0.041891891891891894, 0.05997745208568207]",0.9213333333333333,0.008380952380952381,0.0035238095238094846,"[-0.003619047619047633, 0.010666666666666713]",0.002943174100067919,"[-0.004765687053216838, 0.010569382884418686]",c5ead37471cc6f4acbf591d40642f19e36b2a15bbd31cb96440b51625e11eac9
p4,qwen2.5-3b,10500,0.6167619047619047,"[0.5914285714285714, 0.6423809523809524]",0.7090321908532139,0.24690153333333334,0.14823927418114716,"[0.13347685683530677, 0.16318615751789975]",0.66,0.2340952380952381,-0.09352380952380956,"[-0.11542857142857144, -0.0707619047619048]",0.04078177900892582,"[0.02317515371275422, 0.058955895589558965]",53be89ade3a0a8c97d50ebf276f50c77e20b5f6bdba83929985165d5d52b75fb
p5,deepseek-v4-flash,10500,0.9341904761904762,"[0.9182857142857143, 0.9493333333333334]",0.9380961286702824,0.05605952380952381,0.0023561090541905083,"[0.0010054742486872974, 0.004044035048303752]",0.9546666666666667,0.006190476190476191,0.003714285714285781,"[-0.006285714285714228, 0.013142857142857123]",-0.020793091694125666,"[-0.02686091509219212, -0.015230734257785861]",920a5fe124d6356e54943ac1f55a623f87ef014b4c3a75124ca76a3a4e0544ee
p5,qwen2.5-14b,10500,0.8938095238095238,"[0.8765714285714286, 0.9106666666666666]",0.9018762905108179,0.09499328571428571,0.012596143127856426,"[0.008239616969157109, 0.017387427552385197]",0.9573333333333334,0.0025714285714285713,0.0018095238095238164,"[-0.011523809523809492, 0.015047619047619087]",-0.037870223829979656,"[-0.04790351668169522, -0.028076531189856223]",b9138ab5a4012eb6af5940c2104b48ecf6ee2adb8a18795027323799b9bcf0b2
p6,deepseek-v4-flash,10500,0.9187619047619048,"[0.904952380952381, 0.9319047619047619]",0.9204415683288921,0.07093119047619048,0.05616973757677275,"[0.0466726217061188, 0.06564136855009473]",0.916,0.0030476190476190477,0.006571428571428561,"[-0.00028571428571433355, 0.013428571428571456]",0.01317567567567568,"[0.0047069371287683515, 0.021353113059114408]",cc6e0782d64fc97e40edb39dce4b626400a5946a1e0e8767b01e47a5fdac7640
p6,qwen2.5-14b,10500,0.6695238095238095,"[0.6568571428571428, 0.6818095238095238]",0.7482766127276687,0.2816485714285714,0.16611074049366245,"[0.1546586613297754, 0.17851184517851185]",0.9693333333333334,0.0005714285714285715,-0.030476190476190435,"[-0.039238095238095294, -0.021047619047619093]",-0.01737967914438504,"[-0.03139612558450233, -0.0038910505836575737]",bb5ac07d0daae465c0ba4391e98d56260a1303133e5daa56aa9d2b0f53ff8819
p6,qwen2.5-3b,10500,0.6778095238095239,"[0.6624761904761904, 0.6924761904761905]",0.7050009026900163,0.2933961904761905,0.21540074557315936,"[0.20282309383315977, 0.2292852992446252]",0.6813333333333333,0.021523809523809525,0.02619047619047621,"[0.013619047619047642, 0.03857142857142859]",0.0020271881707607797,"[-0.01387062059069713, 0.01844040014463061]",c53f8ded4e04287132013f8b210c8b1e8ac52f1d390e7702280402d7d28138a4
sc5,qwen2.5-14b,10500,0.7571428571428571,"[0.7426666666666667, 0.7712380952380953]",0.7964062249318145,0.22399238095238094,0.1629646165866726,"[0.151965163019205, 0.174131576008042]",0.9346666666666666,0.002285714285714286,0.05714285714285716,"[0.04761904761904756, 0.06676190476190469]",-0.02045378339108081,"[-0.03389640899429466, -0.006807275973663651]",1d717a6440c3ced1233959dc11774f770035b06cb34fee15d7c099ef54ebe634
